Data Source	World Development Indicators																																																																
																																																																	
Last Updated Date	9/16/2022																																																																
																																																																	
Country Name,Country Code,Indicator Name,Indicator Code,1960,1961,1962,1963,1964,1965,1966,1967,1968,1969,1970,1971,1972,1973,1974,1975,1976,1977,1978,1979,1980,1981,1982,1983,1984,1985,1986,1987,1988,1989,1990,1991,1992,1993,1994,1995,1996,1997,1998,1999,2000,2001,2002,2003,2004,2005,2006,2007,2008,2009,2010,2011,2012,2013,2014,2015,2016,2017,2018,2019,2020,2021
Turkiye,TUR,GDP growth (annual %),NY.GDP.MKTP.KD.ZG,,1.156069385,5.571428582,9.066305552,5.459056798,2.823529543,11.21281504,4.732510244,6.77799601,4.081145621,3.233508973,5.566694501,7.425788326,3.262334518,5.594474403,7.17411269,10.46117956,3.406669804,1.502933011,-0.62411357,-2.447350426,4.856648767,3.563227812,4.971080777,6.712015712,4.241335716,7.012031111,9.485538842,2.320736794,0.290244069,9.266146671,0.720279036,5.035634939,7.651265203,-4.668147364,7.878266876,7.379664474,7.577663644,2.404150257,-3.263168406,6.933239705,-5.750006555,6.447722047,5.763206067,9.795936389,8.992304936,6.947988086,5.043507932,0.815024573,-4.823153953,8.427104323,11.20011058,4.788492711,8.485816997,4.939715161,6.084486904,3.323084208,7.501997489,2.979885235,0.889585161,1.793551396,10.98618099
